hotelid,hotelname,phonenumber,contactemail,rating,address
262383590,"Dickens, Cummerata and Olson",1221539242,lhosburn0@mapquest.com,1,73271 Arizona Terrace
245432863,Medhurst-Predovic,1260260936,dgoffe1@nytimes.com,2,9 Crowley Place
839211932,"Green, Morissette and Wisozk",8062731108,mmurthwaite2@netvibes.com,3,0848 West Court
481781613,Treutel Group,3423141448,upantlin3@cocolog-nifty.com,4,14 Brown Avenue
342067328,"Williamson, Larkin and Hessel",9109278576,lcottie4@jimdo.com,5,1 Golf Course Trail
155377046,"Franecki, Schumm and Wyman",1558321309,cdegoy5@csmonitor.com,1,34821 John Wall Way
177432138,Koch and Sons,6982673663,jgoodlake6@newsvine.com,2,5714 Oriole Lane
802424507,Greenfelder Group,6356783539,vmcrinn7@vinaora.com,3,098 Anthes Avenue
134990555,Hudson and Sons,9807913616,woluby8@seattletimes.com,4,45038 Dixon Park
446841614,"Batz, Schultz and Koepp",2623540335,jsellick9@shinystat.com,5,6618 Forster Alley
204432546,Cole LLC,3553009890,pstainbridgea@webmd.com,1,9 Acker Road
355357507,"Bailey, Emmerich and Ober",5148206892,tdearlb@arstechnica.com,2,257 Melvin Hill
412772056,Larkin LLC,3787011363,efrederickc@virginia.edu,3,82 Emmet Park
750228134,"Sawayn, Bahringer and Hilll",4651937210,linstrelld@ebay.co.uk,4,017 Dayton Court
878567728,Marvin-Leuschke,3394399611,doliveye@biblegateway.com,5,4505 Montana Pass
556008801,Oberbrunner-Herman,4323108002,kordidgef@freewebs.com,1,19 Old Shore Place
160557232,Rempel Inc,5297499434,tambrosonig@jugem.jp,2,30294 Gina Pass
529253077,McKenzie-Schuster,1005610968,vgleadhallh@techcrunch.com,3,12 Sundown Park
806298818,"Jones, O'Reilly and Hauck",8836106107,wwroughtoni@cyberchimps.com,4,9573 Old Shore Parkway
827523786,Connelly Inc,9119415351,usircombj@t.co,5,67429 Sunnyside Trail
235937624,Bosco-Rowe,2534002701,ajarviek@wix.com,1,22028 Kennedy Point
714672532,Swift Inc,2659996727,jtingcombl@ow.ly,2,617 4th Park
522799193,"Mitchell, Padberg and Corwin",1257286810,nalthorpm@storify.com,3,2957 Carberry Circle
984222713,Sauer Group,8695035440,sgulbergn@lulu.com,4,4 Hudson Circle
644246764,Koch-Turner,8257458018,vlestoro@google.nl,5,0 Green Park
440645829,McCullough-Mraz,5651094585,ecoldhamp@surveymonkey.com,1,47 Bluejay Trail
998954445,Macejkovic Group,3991640363,mgeraldq@geocities.jp,2,3 Green Ridge Place
936368475,Welch-Hills,1823289386,vfaillr@bloglovin.com,3,654 5th Crossing
653910335,"Muller, Ledner and Hahn",4794036794,bstuehmeyers@wix.com,4,87 Crescent Oaks Center
876858811,Murazik Group,7159373526,pvarseyt@rakuten.co.jp,5,0603 Kings Plaza
145914663,"Von, O'Kon and Mosciski",1077248644,dgisborneu@purevolume.com,1,7017 Kensington Drive
821810960,Maggio-Mraz,9221960030,agrubbv@hostgator.com,2,124 Donald Center
286472566,"Smitham, Nicolas and Hoppe",4932178930,mjedrzejczykw@cpanel.net,3,32 Ruskin Drive
536028527,Rogahn Inc,8930039477,ybrosinix@hao123.com,4,91 Fisk Parkway
315256667,"Streich, Beatty and Okuneva",4654433188,deddingtony@fotki.com,5,50 5th Terrace
204063283,Dooley LLC,3420168754,rgionettittiz@sciencedaily.com,1,72 Graceland Trail
137158822,Feil and Sons,9051261932,akaes10@bloglovin.com,2,5573 Forest Pass
126919188,Ortiz LLC,6250598533,cchomley11@godaddy.com,3,626 Center Place
485387521,Thompson-Russel,1365289710,ggovey12@delicious.com,4,59661 Bonner Way
863285961,McCullough and Gleason,3584216836,jplaistowe13@freewebs.com,5,51342 Longview Avenue
244164705,Streich Inc,3179570764,ahamsher14@topsy.com,5,8 Myrtle Avenue
